model,train_fraction,rows_train,train_macro_f1,validation_macro_f1,validation_accuracy
lightgbm,0.1,6289,0.944418,0.833653,0.819033
lightgbm,0.25,15724,0.903538,0.84773,0.833853
lightgbm,0.5,31447,0.889859,0.849175,0.834076
lightgbm,0.75,47169,0.883779,0.849033,0.834299
lightgbm,1.0,62893,0.876491,0.853353,0.838756
