model,train_fraction,rows_train,train_macro_f1,validation_macro_f1,validation_accuracy
lightgbm,0.1,6289,0.931109,0.821409,0.809115
lightgbm,0.25,15724,0.890225,0.826805,0.815133
lightgbm,0.5,31447,0.874968,0.834784,0.822041
lightgbm,0.75,47169,0.864287,0.831524,0.819701
lightgbm,1.0,62893,0.857686,0.833927,0.822041
