{
  "player": 0,
  "actions": [
    "CHECK",
    "BET_33",
    "BET_60",
    "BET_100",
    "BET_150",
    "ALL_IN"
  ],
  "strategy": [
    0.3157894736842105,
    0.15789473684210525,
    0.15789473684210525,
    0.15789473684210525,
    0.15789473684210525,
    0.05263157894736842
  ],
  "ev": [
    20.05,
    23.35825,
    26.065,
    30.075000000000003,
    35.087500000000006,
    59.974999999999994
  ],
  "simulator": true
}