{
  "player": 0,
  "actions": [
    "CHECK",
    "BET_33",
    "BET_60",
    "BET_100",
    "BET_150",
    "ALL_IN"
  ],
  "strategy": [
    0.47619047619047616,
    0.12698412698412698,
    0.12698412698412698,
    0.12698412698412698,
    0.12698412698412698,
    0.015873015873015872
  ],
  "ev": [
    31.18226486992919,
    33.237262277005826,
    34.91862379188671,
    37.409529739858385,
    40.52316217482298,
    40.467639576804174
  ],
  "simulator": true
}