source_dataset,source_row_id,label_3intent,target_freq_no_invest,target_freq_call,target_freq_raise
solver_policy,6d500deea4d17a193054183244338d56053a6cc9,NO_INVEST,0.7835417836,0.2161362161,0.0003220003
solver_policy,4f498d1f8032eae9daa87c3487438841658c7f7a,NO_INVEST,0.7835417836,0.2161362161,0.0003220003
