source_dataset,source_row_id,label_3intent,target_freq_no_invest,target_freq_call,target_freq_raise
solver_policy,145a00fe35539e83cb6aec9e6235f59db5929472,NO_INVEST,0.7835417836,0.2161362161,0.0003220003
solver_policy,24964ee74cb1aeb0b1afc2c83e7dee6db94082cf,NO_INVEST,0.7835417836,0.2161362161,0.0003220003
solver_policy,2d97bbe7171605b242c3354139eb444696d15bb3,NO_INVEST,0.7835417836,0.2161362161,0.0003220003
solver_policy,f4065e7446325b08597027ead278d269ba0e961a,NO_INVEST,0.7835417836,0.2161362161,0.0003220003
solver_policy,695b26f3c67ea9a8cda6ec2d8af531a5dcdf1986,NO_INVEST,0.7835417836,0.2161362161,0.0003220003
solver_policy,c87ef3049abe026a9592eb26fd12412f868f42fc,NO_INVEST,0.7835417836,0.2161362161,0.0003220003
solver_policy,87186eb41680c81e5112ad356101a94a73de2385,NO_INVEST,0.7835417836,0.2161362161,0.0003220003
