source_dataset,source_row_id,label_3intent,target_freq_no_invest,target_freq_call,target_freq_raise
solver_policy,ab2afcc3964e212f073549f1c4e0b3e40c2ac0cc,NO_INVEST,0.793798,0.20588,0.000322
solver_policy,bd05ad04c8b8b5e1d122120c8756e44cb1b8b854,NO_INVEST,0.7905637906,0.2091142091,0.0003220003
solver_policy,8c737318e49045d5a78af66f427999ba9718a0cd,NO_INVEST,0.7874127874,0.2122652123,0.0003220003
