model,train_fraction,rows_train,train_macro_f1,validation_macro_f1,validation_accuracy
lightgbm,0.1,2044,0.982768,0.838908,0.837088
lightgbm,0.25,5111,0.974132,0.85075,0.847834
lightgbm,0.5,10222,0.951867,0.862525,0.860312
lightgbm,0.75,15332,0.940552,0.860149,0.858232
lightgbm,1.0,20443,0.934454,0.864695,0.861005
