{
  "player": 0,
  "actions": [
    "CHECK",
    "BET_33",
    "BET_60",
    "BET_100",
    "BET_150",
    "ALL_IN"
  ],
  "strategy": [
    0.3157894736842105,
    0.15789473684210525,
    0.15789473684210525,
    0.15789473684210525,
    0.15789473684210525,
    0.05263157894736842
  ],
  "ev": [
    27.42502590673575,
    31.596234455958548,
    35.009041450777204,
    40.0650518134715,
    46.38506476683938,
    42.924766839378236
  ],
  "simulator": true
}