model,train_fraction,rows_train,train_macro_f1,validation_macro_f1,validation_accuracy
lightgbm,0.1,5307,0.938067,0.822417,0.825485
lightgbm,0.25,13267,0.919259,0.838315,0.841578
lightgbm,0.5,26535,0.895684,0.853836,0.858726
lightgbm,0.75,39803,0.890333,0.856117,0.859649
lightgbm,1.0,53070,0.884527,0.860527,0.86453
