model,train_fraction,rows_train,train_macro_f1,validation_macro_f1,validation_accuracy
lightgbm,0.1,790,0.907604,0.809911,0.793015
lightgbm,0.25,1974,0.900808,0.837527,0.817717
lightgbm,0.5,3948,0.895943,0.833957,0.816865
lightgbm,0.75,5922,0.887727,0.829145,0.810903
lightgbm,1.0,7896,0.884221,0.837033,0.816014
