model,train_fraction,rows_train,train_macro_f1,validation_macro_f1,validation_accuracy
extra_trees,0.1,790,0.922994,0.81509,0.798978
extra_trees,0.25,1974,0.905982,0.830159,0.813458
extra_trees,0.5,3948,0.901515,0.835399,0.819421
extra_trees,0.75,5922,0.891279,0.835946,0.818569
extra_trees,1.0,7896,0.890275,0.840473,0.822828
